funderaddr,0x8c7f23b3619ccb06e7636bad9aa1ad0899f51bb3,
receiver,0x0bdfa112d1241b358aeb7b4220781d18881cea3f,
owner,nftcontract,nftid
0x8c7f23b3619ccb06e7636bad9aa1ad0899f51bb3,0x0f1833f3e870822f59426f8d6ccd4c7cb7465d2c,1272
0x8c7f23b3619ccb06e7636bad9aa1ad0899f51bb3,0x0f1833f3e870822f59426f8d6ccd4c7cb7465d2c,1270
0x8c7f23b3619ccb06e7636bad9aa1ad0899f51bb3,0x1cb63a7d823322abbc9ccbda15cdf9c5fac2ca2f,1973
0x8c7f23b3619ccb06e7636bad9aa1ad0899f51bb3,0x1cb63a7d823322abbc9ccbda15cdf9c5fac2ca2f,1940
0x8c7f23b3619ccb06e7636bad9aa1ad0899f51bb3,0x1cb63a7d823322abbc9ccbda15cdf9c5fac2ca2f,3644
0x8c7f23b3619ccb06e7636bad9aa1ad0899f51bb3,0x1cb63a7d823322abbc9ccbda15cdf9c5fac2ca2f,4286
0x8c7f23b3619ccb06e7636bad9aa1ad0899f51bb3,0x1cb63a7d823322abbc9ccbda15cdf9c5fac2ca2f,4968
0x8c7f23b3619ccb06e7636bad9aa1ad0899f51bb3,0xe1c9f1b344f569be55965d7f8afb66033f2b3890,273
0x8c7f23b3619ccb06e7636bad9aa1ad0899f51bb3,0xea55327a3321ef547a79c9bbb9dce1df8f87e632,373
0xc0717490705164698751d74eb3bdfe4729d9fe66,0x0f1833f3e870822f59426f8d6ccd4c7cb7465d2c,1274
0xc0717490705164698751d74eb3bdfe4729d9fe66,0x0f1833f3e870822f59426f8d6ccd4c7cb7465d2c,1288
0xc0717490705164698751d74eb3bdfe4729d9fe66,0x0f1833f3e870822f59426f8d6ccd4c7cb7465d2c,804
0xc0717490705164698751d74eb3bdfe4729d9fe66,0x1cb63a7d823322abbc9ccbda15cdf9c5fac2ca2f,4752
0xc0717490705164698751d74eb3bdfe4729d9fe66,0x1cb63a7d823322abbc9ccbda15cdf9c5fac2ca2f,4585
0xc0717490705164698751d74eb3bdfe4729d9fe66,0x1cb63a7d823322abbc9ccbda15cdf9c5fac2ca2f,4717
0xc0717490705164698751d74eb3bdfe4729d9fe66,0x1cb63a7d823322abbc9ccbda15cdf9c5fac2ca2f,4625
0xc0717490705164698751d74eb3bdfe4729d9fe66,0x1cb63a7d823322abbc9ccbda15cdf9c5fac2ca2f,4737
0xc0717490705164698751d74eb3bdfe4729d9fe66,0x1cb63a7d823322abbc9ccbda15cdf9c5fac2ca2f,4721
0xc0717490705164698751d74eb3bdfe4729d9fe66,0x1cb63a7d823322abbc9ccbda15cdf9c5fac2ca2f,4675
0xc0717490705164698751d74eb3bdfe4729d9fe66,0x1cb63a7d823322abbc9ccbda15cdf9c5fac2ca2f,4829
0xc0717490705164698751d74eb3bdfe4729d9fe66,0x1cb63a7d823322abbc9ccbda15cdf9c5fac2ca2f,4862
0xc0717490705164698751d74eb3bdfe4729d9fe66,0x1cb63a7d823322abbc9ccbda15cdf9c5fac2ca2f,4885
0xc0717490705164698751d74eb3bdfe4729d9fe66,0x39fee13d9ce76c0e3867ba8b62f8874a3ac68797,512
0xc0717490705164698751d74eb3bdfe4729d9fe66,0x39fee13d9ce76c0e3867ba8b62f8874a3ac68797,571
0xc0717490705164698751d74eb3bdfe4729d9fe66,0x39fee13d9ce76c0e3867ba8b62f8874a3ac68797,396
0xc0717490705164698751d74eb3bdfe4729d9fe66,0x39fee13d9ce76c0e3867ba8b62f8874a3ac68797,127
0xc0717490705164698751d74eb3bdfe4729d9fe66,0x39fee13d9ce76c0e3867ba8b62f8874a3ac68797,188
0xc0717490705164698751d74eb3bdfe4729d9fe66,0x613eaafc8cd0d77d0dbec74f230e38b692e5a94c,120
0xc0717490705164698751d74eb3bdfe4729d9fe66,0x82d6ef3b58fa084b34ae116bdfc990cbb9a990ef,734
0xc0717490705164698751d74eb3bdfe4729d9fe66,0x82d6ef3b58fa084b34ae116bdfc990cbb9a990ef,2485
0xc0717490705164698751d74eb3bdfe4729d9fe66,0x82d6ef3b58fa084b34ae116bdfc990cbb9a990ef,1482
0xc0717490705164698751d74eb3bdfe4729d9fe66,0x82d6ef3b58fa084b34ae116bdfc990cbb9a990ef,1978
0xc0717490705164698751d74eb3bdfe4729d9fe66,0x82d6ef3b58fa084b34ae116bdfc990cbb9a990ef,1969
0xc0717490705164698751d74eb3bdfe4729d9fe66,0x82d6ef3b58fa084b34ae116bdfc990cbb9a990ef,186
0xc0717490705164698751d74eb3bdfe4729d9fe66,0x82d6ef3b58fa084b34ae116bdfc990cbb9a990ef,920
0xc0717490705164698751d74eb3bdfe4729d9fe66,0x82d6ef3b58fa084b34ae116bdfc990cbb9a990ef,1959
0xc0717490705164698751d74eb3bdfe4729d9fe66,0x82d6ef3b58fa084b34ae116bdfc990cbb9a990ef,2369
0xc0717490705164698751d74eb3bdfe4729d9fe66,0xea55327a3321ef547a79c9bbb9dce1df8f87e632,47
0xc283c6881c66e1ffa9563079cf079bb2b0eb07e1,0x0f1833f3e870822f59426f8d6ccd4c7cb7465d2c,1271
0xc283c6881c66e1ffa9563079cf079bb2b0eb07e1,0x0f1833f3e870822f59426f8d6ccd4c7cb7465d2c,1269
0xc283c6881c66e1ffa9563079cf079bb2b0eb07e1,0x0f1833f3e870822f59426f8d6ccd4c7cb7465d2c,523
0xc283c6881c66e1ffa9563079cf079bb2b0eb07e1,0x1cb63a7d823322abbc9ccbda15cdf9c5fac2ca2f,1843
0xc283c6881c66e1ffa9563079cf079bb2b0eb07e1,0x1cb63a7d823322abbc9ccbda15cdf9c5fac2ca2f,4649
0xc283c6881c66e1ffa9563079cf079bb2b0eb07e1,0x1cb63a7d823322abbc9ccbda15cdf9c5fac2ca2f,4728
0xc283c6881c66e1ffa9563079cf079bb2b0eb07e1,0x1cb63a7d823322abbc9ccbda15cdf9c5fac2ca2f,4683
0xc283c6881c66e1ffa9563079cf079bb2b0eb07e1,0x1cb63a7d823322abbc9ccbda15cdf9c5fac2ca2f,4864
0xc283c6881c66e1ffa9563079cf079bb2b0eb07e1,0x39fee13d9ce76c0e3867ba8b62f8874a3ac68797,25
0xc283c6881c66e1ffa9563079cf079bb2b0eb07e1,0x82d6ef3b58fa084b34ae116bdfc990cbb9a990ef,2581
0xc283c6881c66e1ffa9563079cf079bb2b0eb07e1,0x82d6ef3b58fa084b34ae116bdfc990cbb9a990ef,1069
0xc283c6881c66e1ffa9563079cf079bb2b0eb07e1,0x82d6ef3b58fa084b34ae116bdfc990cbb9a990ef,313
0xc283c6881c66e1ffa9563079cf079bb2b0eb07e1,0x82d6ef3b58fa084b34ae116bdfc990cbb9a990ef,2669
0xc283c6881c66e1ffa9563079cf079bb2b0eb07e1,0x82d6ef3b58fa084b34ae116bdfc990cbb9a990ef,1830
0xc283c6881c66e1ffa9563079cf079bb2b0eb07e1,0x82d6ef3b58fa084b34ae116bdfc990cbb9a990ef,2198
0xc283c6881c66e1ffa9563079cf079bb2b0eb07e1,0x82d6ef3b58fa084b34ae116bdfc990cbb9a990ef,777
0xc283c6881c66e1ffa9563079cf079bb2b0eb07e1,0x82d6ef3b58fa084b34ae116bdfc990cbb9a990ef,17
0xc283c6881c66e1ffa9563079cf079bb2b0eb07e1,0x82d6ef3b58fa084b34ae116bdfc990cbb9a990ef,183
0xc283c6881c66e1ffa9563079cf079bb2b0eb07e1,0x82d6ef3b58fa084b34ae116bdfc990cbb9a990ef,1984
0xc283c6881c66e1ffa9563079cf079bb2b0eb07e1,0xe1c9f1b344f569be55965d7f8afb66033f2b3890,171
0xc283c6881c66e1ffa9563079cf079bb2b0eb07e1,0xea55327a3321ef547a79c9bbb9dce1df8f87e632,516
0xca1917896a8ab45a7bff7d55d59301730895aad6,0x0f1833f3e870822f59426f8d6ccd4c7cb7465d2c,535
0xca1917896a8ab45a7bff7d55d59301730895aad6,0x0f1833f3e870822f59426f8d6ccd4c7cb7465d2c,1287
0xca1917896a8ab45a7bff7d55d59301730895aad6,0x0f1833f3e870822f59426f8d6ccd4c7cb7465d2c,1286
0xca1917896a8ab45a7bff7d55d59301730895aad6,0x1cb63a7d823322abbc9ccbda15cdf9c5fac2ca2f,1569
0xca1917896a8ab45a7bff7d55d59301730895aad6,0x1cb63a7d823322abbc9ccbda15cdf9c5fac2ca2f,4719
0xca1917896a8ab45a7bff7d55d59301730895aad6,0x1cb63a7d823322abbc9ccbda15cdf9c5fac2ca2f,1530
0xca1917896a8ab45a7bff7d55d59301730895aad6,0x1cb63a7d823322abbc9ccbda15cdf9c5fac2ca2f,1564
0xca1917896a8ab45a7bff7d55d59301730895aad6,0x1cb63a7d823322abbc9ccbda15cdf9c5fac2ca2f,1571
0xca1917896a8ab45a7bff7d55d59301730895aad6,0x1cb63a7d823322abbc9ccbda15cdf9c5fac2ca2f,4532
0xca1917896a8ab45a7bff7d55d59301730895aad6,0x1cb63a7d823322abbc9ccbda15cdf9c5fac2ca2f,1873
0xca1917896a8ab45a7bff7d55d59301730895aad6,0x1cb63a7d823322abbc9ccbda15cdf9c5fac2ca2f,4560
0xca1917896a8ab45a7bff7d55d59301730895aad6,0x1cb63a7d823322abbc9ccbda15cdf9c5fac2ca2f,4668
0xca1917896a8ab45a7bff7d55d59301730895aad6,0x1cb63a7d823322abbc9ccbda15cdf9c5fac2ca2f,4914
0xca1917896a8ab45a7bff7d55d59301730895aad6,0x39fee13d9ce76c0e3867ba8b62f8874a3ac68797,328
0xca1917896a8ab45a7bff7d55d59301730895aad6,0x82d6ef3b58fa084b34ae116bdfc990cbb9a990ef,489
0xca1917896a8ab45a7bff7d55d59301730895aad6,0x82d6ef3b58fa084b34ae116bdfc990cbb9a990ef,2482
0xca1917896a8ab45a7bff7d55d59301730895aad6,0x82d6ef3b58fa084b34ae116bdfc990cbb9a990ef,295
0xca1917896a8ab45a7bff7d55d59301730895aad6,0x82d6ef3b58fa084b34ae116bdfc990cbb9a990ef,1375
0xca1917896a8ab45a7bff7d55d59301730895aad6,0x82d6ef3b58fa084b34ae116bdfc990cbb9a990ef,1831
0xca1917896a8ab45a7bff7d55d59301730895aad6,0x82d6ef3b58fa084b34ae116bdfc990cbb9a990ef,1977
0xca1917896a8ab45a7bff7d55d59301730895aad6,0x82d6ef3b58fa084b34ae116bdfc990cbb9a990ef,969
0xca1917896a8ab45a7bff7d55d59301730895aad6,0x82d6ef3b58fa084b34ae116bdfc990cbb9a990ef,2403
0xca1917896a8ab45a7bff7d55d59301730895aad6,0x82d6ef3b58fa084b34ae116bdfc990cbb9a990ef,1132
0xca1917896a8ab45a7bff7d55d59301730895aad6,0x82d6ef3b58fa084b34ae116bdfc990cbb9a990ef,399
0xca1917896a8ab45a7bff7d55d59301730895aad6,0xe1c9f1b344f569be55965d7f8afb66033f2b3890,120
0xca1917896a8ab45a7bff7d55d59301730895aad6,0xea55327a3321ef547a79c9bbb9dce1df8f87e632,367
